sector,epoch,predicted_bjd,measured_bjd,oc_seconds,formal_timing_error_seconds,sector_jitter_seconds,timing_error_seconds,n_points,beta,reduced_chi_square,delta_bic,supported
9,2715,2458544.4093818,2458544.4109525234,135.71052325724827,44.92062906340404,46.95429890750132,64.98129808911884,135,1.0,0.8096178465147955,1027.1198425476837,True
9,2716,2458545.19822032,2458545.199078324,74.13153648742303,43.9184155940522,46.95429890750132,64.29256111080711,174,1.0735739904292843,0.7420741869985769,1438.092459817034,True
9,2717,2458545.9870588398,2458545.989006512,168.27885194244826,40.57042926660926,46.95429890750132,62.053734108205965,174,1.0,0.8244871246881894,1407.1826518905386,True
9,2718,2458546.77589736,2458546.7773095234,122.01093335725552,45.993078256909264,46.95429890750132,65.72723509658047,173,1.1327685755131098,0.8722469623530699,1400.738974950597,True
9,2719,2458547.5647358797,2458547.5669582817,192.01555035307197,42.50757766229678,46.95429890750132,63.33719558530494,174,1.0470761603014223,0.8224645851309607,1323.4932386155465,True
9,2720,2458548.3535744,2458548.3548493036,110.15166689836208,50.97730131470748,46.95429890750132,69.30650355648781,174,1.2543743344110287,0.9857933149328916,1273.7862701377812,True
9,2721,2458549.14241292,2458549.144240382,157.8927201166231,58.11864034882125,46.95429890750132,74.71601262039225,174,1.30274824209349,1.2021861427036142,1335.6927482389742,True
9,2722,2458549.9312514397,2458549.932330937,93.26858219766424,42.89913043724846,46.95429890750132,63.6006413345576,173,1.055682345378107,0.9068345748898824,1405.960117141521,True
9,2723,2458550.72008996,2458550.721126905,89.59206718334235,50.2213703003391,46.95429890750132,68.7523979271906,173,1.2371551775619882,0.9708075018505955,1383.881286298598,True
9,2724,2458551.50892848,2458551.5100137834,93.77019029295694,40.55258515042159,46.95429890750132,62.04206918113848,173,1.0,0.7807671404001416,1354.5472941594808,True
9,2725,2458552.297767,2458552.298955915,102.72227317562316,41.2784465737907,46.95429890750132,62.51892783341916,173,1.0,1.0361871717328464,1366.0868502477372,True
9,2726,2458553.08660552,2458553.08795349,116.46461359761919,44.34014917553421,46.95429890750132,64.58138288085512,173,1.0,1.1967140992706156,1326.1599084759503,True
9,2727,2458553.8754440397,2458553.876915712,127.15248642077063,40.51137276959369,46.95429890750132,62.01513935783711,173,1.0,0.9052205049459184,1408.1682612820814,True
9,2728,2458554.66428256,2458554.6657461897,126.45763007387366,40.49944742388205,46.95429890750132,62.007349786414565,173,1.0,0.9657008204474647,1272.0033065255866,True
9,2729,2458555.45312108,2458555.4542919872,101.16636124091187,40.80051440849967,46.95429890750132,62.20440629001429,153,1.0022624827647384,1.0011790746367504,1240.4584707173276,True
9,2732,2458557.8196366397,2458557.8215030897,161.26126687899082,45.69687873572532,46.95429890750132,65.52030915740986,173,1.0,1.0563676362343057,1115.1336349920948,True
9,2733,2458558.60847516,2458558.6095563658,93.41617663904674,57.09287680034352,46.95429890750132,73.92092239166246,174,1.347981895316251,0.9629377767158915,1239.0114753609028,True
9,2734,2458559.39731368,2458559.399271883,169.18872934147453,45.99944958031437,46.95429890750132,65.73169363090277,174,1.105435468257045,0.9928461239149045,1488.1667661941185,True
9,2735,2458560.1861521997,2458560.186777367,54.014425753807345,44.59723490057573,46.95429890750132,64.75816200813694,174,1.0910693322747174,0.9781376763561247,1372.1237799583625,True
9,2736,2458560.97499072,2458560.977269844,196.9163286063085,40.65485944268302,46.95429890750132,62.10896700315738,174,1.0,0.831998171051145,1347.8195835786103,True
9,2737,2458561.7638292396,2458561.765520869,146.15676148650573,46.54012227083706,46.95429890750132,66.11118791006136,174,1.1476973841196239,0.85811962513021,1319.1102529987309,True
9,2738,2458562.55266776,2458562.5537921395,97.14640495256309,42.344067892150996,46.95429890750132,63.22757524648618,174,1.0449322317485692,0.8575387283315506,1542.9284820673977,True
9,2739,2458563.34150628,2458563.3426929293,102.52649049915212,47.71922032994166,46.95429890750132,66.94647245966361,174,1.1422114646111048,1.0637707215159562,1295.904005799961,True
9,2740,2458564.1303447997,2458564.131988149,141.98538153163344,42.14762726830325,46.95429890750132,63.09618586129275,174,1.0412605767842733,0.8794721346213572,1401.791122999529,True
9,2741,2458564.91918332,2458564.921076837,163.59989433284827,40.42344539769331,46.95429890750132,61.957736592900744,174,1.0,0.9155359045118935,1341.4296717788498,True
9,2742,2458565.70802184,2458565.7093394115,113.83816581772747,43.57188662789722,46.95429890750132,64.05634621338707,174,1.077989581894456,0.9508627858307698,1453.1279005736812,True
9,2743,2458566.49686036,2458566.498777502,165.64109984768268,40.440810373572184,46.95429890750132,61.96906752216143,173,1.0,0.8570740126545624,1413.5459288944244,True
9,2744,2458567.28569888,2458567.2877811547,179.9085342497298,47.57566296737628,46.95429890750132,66.84422108664562,174,1.159256598952442,1.0285817395600905,1546.7077285938235,True
9,2745,2458568.0745373997,2458568.0763596958,157.44637904631537,40.562696930212155,46.95429890750132,62.04867902016305,173,1.0,0.9026330780478538,1381.8606922853112,True
36,3651,2459282.7622365197,2459282.764210996,170.59478668024425,42.43092309940277,40.257737839933164,58.48990247090705,174,1.0,0.9503692684202554,1320.7824541459659,True
36,3652,2459283.55107504,2459283.5534439296,204.67208087723355,42.30546898234121,40.257737839933164,58.398956855449235,174,1.0,1.0081974660642996,1367.4255934721848,True
36,3653,2459284.33991356,2459284.3424861617,222.27277459962932,48.614047819769446,40.257737839933164,63.1190232925987,174,1.1349698697167612,1.0359885764727712,1253.8580793120689,True
36,3654,2459285.12875208,2459285.1302808207,132.08322023691503,42.04854088649529,40.257737839933164,58.213102018978965,174,1.0,0.9184301112716008,1364.1711999565778,True
36,3655,2459285.9175906,2459285.919781812,189.3207003720962,43.61787805072176,40.257737839933164,59.35658970692657,174,1.0,1.076777134844599,1205.715622074561,True
36,3656,2459286.7064291197,2459286.7085726075,185.19732930635502,61.47907917678419,40.257737839933164,73.48715964312463,167,1.4604092479033428,0.9186608966266767,1097.6821747391311,True
36,3657,2459287.49526764,2459287.49713547,161.3805472298467,43.641868405431644,40.257737839933164,59.37422112251915,174,1.0370099224385,0.9627290338098304,1257.650058251902,True
36,3658,2459288.28410616,2459288.285879058,153.1783881474151,61.49188936684061,40.257737839933164,73.49787693459282,174,1.4138127329613985,1.0663684714197175,1110.598350117277,True
36,3659,2459289.0729446798,2459289.0750049953,178.01125150252523,43.82467831970524,40.257737839933164,59.508721090395056,174,1.0413331622882465,0.7018084390885924,1381.1654710184444,True
36,3660,2459289.8617832,2459289.863529035,150.8401283423684,42.169072129599456,40.257737839933164,58.30022384399693,174,1.0,0.8252236359440889,1252.1028361225717,True
36,3661,2459290.6506217197,2459290.6525980528,170.75516619086775,46.29754873249449,40.257737839933164,61.35265662240298,174,1.0967110301405696,0.9526766993652032,1354.6081003754412,True
36,3662,2459291.43946024,2459291.440986966,131.90912400184482,42.73570390035007,40.257737839933164,58.71137746508067,174,1.0114178765494124,0.9187044777125791,1265.0149615124628,True
36,3663,2459292.22829876,2459292.230095014,155.19632261487828,42.22279664164792,40.257737839933164,58.33909505838037,174,1.0,0.8843992672143504,1392.7856706143084,True
36,3667,2459295.38365284,2459295.385054153,121.07345302951066,45.57851351073999,40.257737839933164,60.811893161103725,161,1.0,0.8462930576602161,953.2626931072258,True
36,3668,2459296.17249136,2459296.175307468,243.31173187800454,42.06977782456855,40.257737839933164,58.228443755585175,173,1.0,0.8575216589621035,1248.6204020685623,True
36,3669,2459296.9613298797,2459296.9630614575,149.60834123919096,43.02525144718863,40.257737839933164,58.92247209751636,173,1.0,1.044054805474837,1355.021634125854,True
36,3670,2459297.7501684,2459297.751466573,112.16216311817273,48.30026936388917,40.257737839933164,62.87767073145313,173,1.1477366998105512,1.0003961673083697,1083.5944047778473,True
36,3671,2459298.53900692,2459298.5400077193,86.4690522243089,62.61656835722347,40.257737839933164,74.44138693511579,173,1.4859256907591232,0.8985526654293586,1151.4244981940944,True
36,3672,2459299.32784544,2459299.329450294,138.65937874439885,43.603463984120694,40.257737839933164,59.34599841104114,173,1.035549681466404,0.9343040390975629,1305.3272329663496,True
36,3673,2459300.11668396,2459300.1184761734,154.84725247729227,54.837430606143975,40.257737839933164,68.02815043401108,173,1.3006256467740942,0.867901534675846,1306.3920948640393,True
36,3674,2459300.9055224797,2459300.9075941686,178.99390649452113,46.849033428526994,40.257737839933164,61.76987444682097,173,1.0423799213391782,1.1344124402479372,1256.0276431023824,True
36,3675,2459301.694361,2459301.6965224133,186.7461254196113,45.83662359694295,40.257737839933164,61.0055859635543,173,1.0852546748901035,0.8461279775808199,1190.920926714809,True
36,3676,2459302.48319952,2459302.484619151,122.65610668670949,42.20446927605238,40.257737839933164,58.325832037460344,173,1.0,0.9734913877691216,1296.4256903097792,True
36,3677,2459303.2720380398,2459303.2744569136,208.9907132350743,42.20196677305672,40.257737839933164,58.32402125627973,173,1.0,0.9593186660615992,1295.5614570806038,True
36,3678,2459304.06087656,2459304.0635508993,231.06292972068636,42.1439571961232,40.257737839933164,58.28206056873291,173,1.0,0.8968734311988564,1263.7879728436155,True
36,3679,2459304.8497150796,2459304.8519057403,189.27306441993687,47.1743821383528,40.257737839933164,62.016995945660945,174,1.1124075806729417,1.0166381517134393,1255.5622875723889,True
36,3680,2459305.6385536,2459305.6399747883,122.79068408080514,48.490326973924375,40.257737839933164,63.02378333634759,168,1.1525476304124866,0.9748373266152663,1173.052050641002,True
62,4548,2459990.35038896,2459990.3534636814,265.6559316609166,45.75168353193416,45.80986851199389,64.74380741887539,174,1.0,0.9433715554744393,1102.3152308589176,True
62,4549,2459991.1392274797,2459991.1417331784,216.49238656339125,45.728532698548854,45.80986851199389,64.72744978638059,174,1.0,0.9192474013857443,1080.6847529323536,True
62,4550,2459991.928066,2459991.9299797593,165.34882177633557,45.71145303156481,45.80986851199389,64.7153845027836,174,1.0,0.8647507339087567,1085.9661088481057,True
62,4551,2459992.71690452,2459992.71869269,154.49790353488703,45.71625833089305,45.80986851199389,64.7187787961355,174,1.0,0.7591380757965493,1057.0420575732064,True
62,4552,2459993.50574304,2459993.50760755,161.0936811573713,77.76783979636741,45.80986851199389,90.25730419018528,174,1.7006403469472722,0.8716504869008976,953.1861061790753,True
62,4553,2459994.29458156,2459994.2963928506,156.49549507224836,47.5747813181468,45.80986851199389,66.04471114749204,174,1.0399827024244102,0.8984339644439214,993.6807802349897,True
62,4555,2459995.8722586,2459995.874203371,168.02820731809794,45.72941157755044,45.80986851199389,64.72807069823087,174,1.0,0.7255944782975906,1071.6641228539943,True
62,4556,2459996.66109712,2459996.663466571,204.7205683016068,45.717377121903574,45.80986851199389,64.71956909615918,174,1.0,0.9110011155923902,1030.4909671921464,True
62,4557,2459997.4499356397,2459997.45220969,196.47797082579933,45.72132327179371,45.80986851199389,64.72235668461119,174,1.0,0.7524336269205197,1091.3086152124831,True
62,4558,2459998.23877416,2459998.2413993822,226.81922044962624,51.66343521708816,45.80986851199389,69.04820483920226,173,1.1102619368905131,1.0351873207652849,892.7047706265731,True
62,4559,2459999.0276126796,2459999.0304654483,246.4792199242845,45.7517613310729,45.80986851199389,64.74386239622739,173,1.0,0.8958910364371435,1163.11721537813,True
62,4560,2459999.8164512,2459999.817943082,128.89864641874485,53.60008563152479,45.80986851199389,70.50895852863634,173,1.170690215085071,0.8210629743551698,1136.7252679173123,True
62,4561,2460000.60528972,2460000.6075944435,199.1280980549004,45.82833345354555,45.80986851199389,64.79799534102526,173,1.0,0.9301538946956485,1029.2710239649523,True
62,4564,2460002.97180528,2460002.9750440433,279.82914598053924,55.33243608621983,45.80986851199389,71.83468894845839,173,1.1327308978921073,0.9097842205276679,1012.4939547139796,True
62,4565,2460003.7606438,2460003.7633791305,236.33257927850065,52.283232589922555,45.80986851199389,69.51316755218474,173,1.14293348410653,0.836217915305925,1028.3668955321284,True
62,4566,2460004.54948232,2460004.551777644,198.3160201867774,45.724610331506206,45.80986851199389,64.72467877907354,173,1.0,0.9940084356285852,1077.745144679187,True
62,4567,2460005.3383208397,2460005.340242643,166.0437917297464,49.23166876087257,45.80986851199389,67.24805768248214,173,1.0471911535893235,1.0559558650796768,1075.4448671434495,True
62,4568,2460006.12715936,2460006.12932699,187.28322524140634,45.738675592656094,45.80986851199389,64.7346159180419,174,1.0,0.9850390268017979,1180.925779820479,True
62,4569,2460006.91599788,2460006.9190927707,267.3985638603757,45.7156553338631,45.80986851199389,64.71835285056886,171,1.0,0.8623641453588133,1040.4149757362723,True
62,4571,2460008.49367492,2460008.4962749323,224.64106026534165,45.66087369794297,45.80986851199389,64.67966790225248,174,1.0,0.9826900508961912,1148.919629168077,True
62,4572,2460009.2825134397,2460009.2848847,204.87690527296365,45.69954872954107,45.80986851199389,64.7069764953507,174,1.0,0.9630913480052126,1041.9023223659738,True
62,4573,2460010.07135196,2460010.0736500965,198.5589943557927,48.316571025329594,45.80986851199389,66.58104151131829,174,1.0562632386457944,0.7557649414320591,996.120082046127,True
62,4574,2460010.86019048,2460010.862514427,200.78901906513696,45.84052765043471,45.80986851199389,64.80662025099316,174,1.0,1.004302787252928,1012.3011718228432,True
62,4575,2460011.6490289997,2460011.6512115034,188.56832599166336,50.79728985594003,45.80986851199389,68.40254900071018,174,1.1039707853075504,1.0132224362681037,1157.517138287964,True
62,4576,2460012.43786752,2460012.440839789,256.8040361432044,45.71561333607447,45.80986851199389,64.71832318423925,174,1.0,0.8699227582164805,1180.6756008295251,True
62,4577,2460013.22670604,2460013.2292146035,216.7399003887813,49.252826936638456,45.80986851199389,67.26354892760735,174,1.0559471371391016,1.0353037732733974,1158.2574696666782,True
62,4578,2460014.01554456,2460014.017164233,139.93976511420024,56.480755877360245,45.80986851199389,72.72289761529125,172,1.1759835319702896,0.8187570866630206,991.0929198791564,True
63,4579,2460014.80438308,2460014.807164775,240.33847814476877,44.65852347021157,33.781187786539,55.99600313244553,174,1.0277342048832534,0.9897833711269343,1275.956416125936,True
63,4580,2460015.5932215997,2460015.59549054,196.0364190565687,40.590446089806996,33.781187786539,52.80864476616437,174,1.0,0.8065617714833101,1310.4277143065572,True
63,4581,2460016.38206012,2460016.384803276,237.0086793165758,59.51310687644724,33.781187786539,68.43229163455541,173,1.5152534476255275,0.8095981221905609,1597.6447413155638,True
63,4582,2460017.17089864,2460017.1728501674,168.611973207123,39.79652312205302,33.781187786539,52.200880269144044,173,1.0079539076674882,1.0125074039071476,1625.6347735169393,True
63,4583,2460017.95973716,2460017.9616971556,169.3436475875741,43.914801841250735,33.781187786539,55.404679125735676,173,1.1197156451205235,0.8782027097930963,1445.371779521408,True
63,4584,2460018.74857568,2460018.7512722937,232.98743013409225,39.15770903052863,33.781187786539,51.71551822024947,173,1.0,0.7350756685920391,1432.125635673878,True
63,4585,2460019.5374141997,2460019.53977272,203.77616214537326,39.17256947944577,33.781187786539,51.72677109477662,173,1.0,0.8446041010704461,1542.1899796048472,True
63,4586,2460020.32625272,2460020.3286580094,207.81700463470136,42.78050133858218,33.781187786539,54.50999856035444,173,1.0921569554365695,0.955995832096708,1510.7188114332225,True
63,4587,2460021.11509124,2460021.1175559554,212.95139371680708,50.76848326199547,33.781187786539,60.980386527086935,141,1.2701762799714633,1.0234318128879012,1056.8318454733835,True
63,4588,2460021.9039297597,2460021.9056627466,149.7300479664468,39.12239436776028,33.781187786539,51.68878398004709,173,1.0,0.8330217925048387,1573.0376457752554,True
63,4589,2460022.69276828,2460022.6947054635,167.3726783444942,46.145983912908605,33.781187786539,57.1893388627621,173,1.1797256067832296,0.8061672746236916,1532.0046996703231,True
63,4590,2460023.4816067996,2460023.4839969636,206.5101644456989,41.31366671824005,33.781187786539,53.36654107186662,173,1.056023215524139,0.8298865937415729,1482.6445609716477,True
63,4591,2460024.27044532,2460024.272610469,187.068874948443,40.38237211615648,33.781187786539,52.64888057686644,173,1.0041759227270695,1.0574531894406771,1617.2175585940038,True
63,4592,2460025.05928384,2460025.06233848,263.9208805540784,44.83302067168256,33.781187786539,56.13526868927348,173,1.1465520278024959,0.9425218635603361,1418.9876937070997,True
63,4593,2460025.8481223597,2460025.8505725334,211.6950089076095,39.18527078688126,33.781187786539,51.7363904317901,174,1.0,0.8385612976786135,1373.728894295994,True
63,4594,2460026.63696088,2460026.6390845734,183.48713204181254,40.21443663027683,33.781187786539,52.52018242314056,174,1.0125785802595801,1.0289319720148644,1664.4688124158101,True
63,4596,2460028.21463792,2460028.217053169,208.6775301278123,46.02618665661097,33.781187786539,57.09271850611604,174,1.122940865379734,0.7762315793884689,1361.2949471656789,True
63,4597,2460029.00347644,2460029.0047175484,107.23175527200509,43.15950985172604,33.781187786539,54.80795506959413,174,1.0656499963530286,1.015340395951887,1513.8088732547278,True
63,4598,2460029.7923149597,2460029.795001747,232.138430335635,39.1754099082061,33.781187786539,51.728922178462064,174,1.0,0.899583820814292,1456.3261949211346,True
63,4599,2460030.58115348,2460030.583533578,205.64049558938027,42.311680159391884,33.781187786539,54.1428381799485,174,1.065455884759022,1.0264971974710706,1501.0732629561244,True
63,4600,2460031.369992,2460031.372005,173.9231791591536,39.19278711821718,33.781187786539,51.74208355259095,174,1.0,0.8422184501968655,1477.5099598299985,True
63,4601,2460032.1588305198,2460032.1614850466,229.3511011735613,39.229942078223814,33.781187786539,51.7702327957892,174,1.0,0.9634064168524409,1529.443365662371,True
63,4602,2460032.94766904,2460032.9498713026,190.27549365205428,43.242460368671104,33.781187786539,54.87329976414306,174,1.1043714400808264,0.9747289017891948,1604.2215130540496,True
63,4603,2460033.7365075597,2460033.7387739467,195.8158541075959,46.76463911071451,33.781187786539,57.6896881550315,167,1.174137041902424,0.950809614941046,1343.969516984439,True
63,4604,2460034.52534608,2460034.527592804,194.1169358789382,44.87195305760997,33.781187786539,56.166367333785836,174,1.146546298307635,0.9082500850527425,1439.8952128679987,True
63,4605,2460035.3141846,2460035.3163946425,190.94766970805773,45.52008685144348,33.781187786539,56.6855092173685,174,1.1633983054940507,0.9110543094158045,1418.8330097889925,True
63,4606,2460036.1030231197,2460036.105628298,225.08741568774622,40.77701948381955,33.781187786539,52.95218566077524,174,1.0390316393292847,0.9863504090931174,1418.9762891333678,True
63,4607,2460036.89186164,2460036.893408746,133.669948905766,44.93692494011816,33.781187786539,56.218287694870476,174,1.1397803939856535,0.838021813858823,1368.4409104937547,True
63,4608,2460037.6807001596,2460037.6830233275,200.72172130454462,45.16311214364105,33.781187786539,56.39924952309657,174,1.1417898688556092,0.9239414229911153,1505.4879632538118,True
63,4609,2460038.46953868,2460038.471756575,191.62617469514447,40.54427351864598,33.781187786539,52.773163288021586,174,1.0177691459895755,0.8798236477561063,1518.8836850297478,True
63,4610,2460039.2583772,2460039.259712047,115.33075701688051,44.79701044083377,33.781187786539,56.10651292591246,171,1.1099034151491791,0.9617968822447142,1445.6050239398048,True
63,4611,2460040.0472157197,2460040.049064665,159.74890210942252,48.37186572677245,33.781187786539,59.00005120470926,135,1.0949133385454255,0.8967353130401317,888.5080453803369,True
63,4612,2460040.83605424,2460040.839125811,265.3837404559062,97.67506977928213,33.781187786539,103.351767786802,129,2.097933102768726,1.1825975580168382,702.7416711080552,True
89,5471,2460718.44834292,2460718.451382332,262.6052103785476,45.660926783750405,49.06137124913516,67.02192464855423,173,1.0,1.0660378821772587,1168.4181263031926,True
89,5472,2460719.23718144,2460719.240112123,253.21100117840467,58.01492328785482,49.06137124913516,75.97861194402769,173,1.341228681798552,0.9498755904016242,1107.3702069218907,True
89,5473,2460720.0260199597,2460720.029166113,271.8276517787394,42.98278014338445,49.06137124913516,65.22681609353619,174,1.0,0.8385378441684338,1143.2930078547754,True
89,5474,2460720.81485848,2460720.8172532767,206.91045127546624,49.29448000623456,49.06137124913516,69.54828472313696,174,1.12639032429507,1.0514540310939764,1220.9734491969423,True
89,5475,2460721.603697,2460721.6071065026,294.58102602962396,55.14001189745804,49.06137124913516,73.80676839489236,174,1.2952992546647353,0.8297920736891927,1169.2939985460748,True
89,5476,2460722.39253552,2460722.3952674572,236.03938147257742,50.82237865112411,49.06137124913516,70.63945300328777,174,1.086361888649544,1.2071270252875765,1238.7431963750337,True
89,5477,2460723.18137404,2460723.1843550983,257.56342264007486,44.299308374193835,49.06137124913516,66.10179174029541,174,1.0421104841154443,0.867917590100237,1308.089048124669,True
89,5478,2460723.9702125597,2460723.9737375793,304.5617148270417,48.844138555692375,49.06137124913516,69.22982030955404,174,1.1507882956722575,0.9043892046333788,1177.1500508416523,True
89,5479,2460724.75905108,2460724.76134606,198.28628262544953,47.729742443508556,49.06137124913516,68.44812972294515,174,1.1241698798232378,0.8230316550345733,1247.648846753961,True
89,5481,2460726.3367281198,2460726.3400964667,291.0251822720356,45.03394240280587,49.06137124913516,66.59635213121439,174,1.0593754517082006,0.9352276369504282,1323.4854382697154,True
89,5482,2460727.12556664,2460727.1280953838,218.48344697024874,48.398195784512936,49.06137124913516,68.91591618807307,174,1.1390083698276938,0.84648064567401,1289.6325087993962,True
89,5483,2460727.9144051597,2460727.9167043827,198.65286286067342,46.30121505351489,49.06137124913516,67.45977071023367,174,1.0902576294995938,0.8065598509400221,1298.050270214083,True
89,5484,2460728.70324368,2460728.7053612242,182.95584516647207,48.795985985322616,49.06137124913516,69.19585534643869,173,1.069117175853257,1.152472678285221,1140.9778414381435,True
89,5485,2460729.4920822,2460729.49513985,264.1809563916301,52.10838765140483,49.06137124913516,71.57026067071816,173,1.2253813253747934,0.8578097262679003,1269.2326541649056,True
89,5486,2460730.2809207197,2460730.2835412812,226.41649861669902,42.45393765419083,49.06137124913516,64.8795420081815,173,1.0,0.8446032120833479,1243.3989997470649,True
89,5487,2460731.06975924,2460731.0719847977,192.28820887622504,55.89159409800306,49.06137124913516,74.36994311992848,173,1.3155610650004452,0.9532206007940862,1136.4695753932617,True
89,5488,2460731.85859776,2460731.8613815326,240.51796692917273,44.901214096750394,49.06137124913516,66.50667016328273,172,1.0577719326764896,0.813573618159182,1394.5141695405218,True
89,5489,2460732.64743628,2460732.6489196685,128.16477420420728,42.9166348555143,49.06137124913516,65.18324705142427,173,1.0,0.9789850171915468,1273.5322291645637,True
89,5490,2460733.4362748,2460733.4388867905,225.67598923659943,43.80559990951622,49.06137124913516,65.77194487224833,173,1.0229107865936704,0.9882757036536847,1313.8045494606959,True
89,5491,2460734.2251133197,2460734.227763569,228.98151990325763,42.598294251119256,49.06137124913516,64.97409346770762,173,1.0,0.7077033611146172,1261.137676261598,True
89,5492,2460735.01395184,2460735.017048191,267.5247397372264,43.81354677526256,49.06137124913516,65.77723793132078,173,1.0186240233967203,1.0267097359918258,1310.6122033167003,True
89,5493,2460735.80279036,2460735.8050414803,194.49680766765186,43.376050023574656,49.06137124913516,65.4866388242145,173,1.0200611113158826,0.9212191209863199,1321.9677184373902,True
89,5494,2460736.59162888,2460736.5934580285,158.0384306637978,43.495365329169815,49.06137124913516,65.56573002692346,174,1.0241589614022655,0.8883382825189472,1356.346182947943,True
89,5495,2460737.3804674,2460737.382420395,168.73878942358468,42.45561635643304,49.06137124913516,64.88064047965379,174,1.0,0.8976607828712231,1333.7616329588095,True
89,5496,2460738.1693059197,2460738.17097868,144.52646430393656,54.367984011089085,49.06137124913516,73.23179524138067,174,1.2757038635941385,1.006965275325914,1051.1290862067367,True
89,5497,2460738.95814444,2460738.960772766,227.08736463827864,47.82479307479873,49.06137124913516,68.51444359762971,174,1.1240743375612803,0.9503002076331512,1220.028592290459,True
89,5499,2460740.5358214797,2460740.538181671,203.92051206297114,66.46986528063864,49.06137124913516,82.61513868094465,174,1.4733531938378015,1.1268566251772694,1365.1959089432712,True
89,5500,2460741.32466,2460741.328024349,290.67978888368054,42.43345731905367,49.06137124913516,64.86614254673556,174,1.0,0.9880946296640208,1240.1986010511318,True
89,5501,2460742.1134985196,2460742.1156839277,188.81925324679167,51.38472854003652,49.06137124913516,71.04511577848761,174,1.1640796378664904,1.0834941237199378,1142.3962037860117,True
89,5502,2460742.90233704,2460742.904538039,190.16635678687123,55.02146951035149,49.06137124913516,73.71824913767286,174,1.2962651086637687,0.8474130487661696,1119.3639012052456,True
89,5503,2460743.69117556,2460743.6934219915,194.09169724361305,42.53508061533901,49.06137124913516,64.93266690810454,174,1.0,0.8909379708762011,1298.1197677288278,True
89,5504,2460744.4800140797,2460744.4826892153,231.1317243265345,42.63712126712182,49.06137124913516,64.99955583534951,174,1.0,0.9494364503695364,1231.4889793855373,True
89,5505,2460745.2688526,2460745.2714446704,223.9548781055811,49.46292571081768,49.06137124913516,69.66777711911968,172,1.1533821484381852,0.8264804730463486,1090.0322229954427,True
89,5506,2460746.05769112,2460746.0608298574,271.18691946278966,68.09652553340189,49.06137124913516,83.92946406695756,172,1.5611953580529891,0.9476881846963197,1318.6229977710657,True
90,5508,2460747.63536816,2460747.6381187197,237.64835517926224,39.10890680455765,33.292766049195556,51.3606353412226,173,1.0,0.7970880888920626,1438.119467010098,True
90,5509,2460748.4242066797,2460748.426793559,223.50637260520617,38.93914729367949,33.292766049195556,51.23148898056092,173,1.0,0.8612162945951076,1456.8295466780014,True
90,5510,2460749.2130452,2460749.2158012316,238.12112263755307,50.69945422520628,33.292766049195556,60.653465935099334,173,1.303198973249693,0.9480506031009374,1413.0744508825728,True
90,5511,2460750.00188372,2460750.0046111727,235.65191482814384,38.897727139247635,33.292766049195556,51.20001413872686,173,1.0,0.9043983252938781,1449.1934509309835,True
90,5512,2460750.7907222398,2460750.793294781,222.2675716340425,40.52913758989796,33.292766049195556,52.45015981851102,173,1.0,1.0855317425101043,1413.675088166013,True
90,5513,2460751.57956076,2460751.5822290448,230.5397901047511,38.8528442330793,33.292766049195556,51.165923974911195,173,1.0,0.9625607118904194,1504.159363298614,True
90,5514,2460752.3683992797,2460752.371221252,243.81838130972713,38.81743426679393,33.292766049195556,51.139040607576284,173,1.0,0.8294017569227562,1442.0015595021987,True
90,5515,2460753.1572378,2460753.1592798117,176.42980388653356,54.15268263073568,33.292766049195556,63.56824134197556,173,1.3943958019364537,0.7883513767031144,1656.1239330361734,True
90,5517,2460754.7349148397,2460754.737069345,186.1492705806484,41.691400997323086,33.292766049195556,53.35336154663604,173,1.0737341810355505,0.8256802135169213,1482.1534047042908,True
90,5518,2460755.52375336,2460755.5271920688,297.1044556903398,47.306989466167266,33.292766049195556,57.84772703882607,173,1.2188291797830357,0.9480328679731836,1507.267336515645,True
90,5519,2460756.31259188,2460756.3154325923,245.43753572626207,51.304432749939,33.292766049195556,61.16006124097229,174,1.321199420420272,0.8799566867802726,1497.208246524183,True
90,5520,2460757.1014304,2460757.103823744,206.78494867828974,39.889003767841295,33.292766049195556,51.957106278134134,174,1.0,1.0558041380004917,1560.0635781173587,True
90,5521,2460757.89026892,2460757.8924870607,191.64734250254577,42.67400076027564,33.292766049195556,54.124658078314674,174,1.0762119799901713,0.8091182884158815,1472.6294366507364,True
90,5522,2460758.6791074397,2460758.681018812,165.14259099692327,41.39770195109169,33.292766049195556,53.124175269249015,174,1.0,0.7443320373012775,1292.5759563523814,True
90,5523,2460759.46794596,2460759.470784703,245.2673710254626,61.96179638496113,33.292766049195556,70.3396935055723,174,1.445663435264196,1.0140063948244453,1175.2789337932754,True
90,5525,2460761.045623,2460761.047892394,196.07567132253,40.58132745811976,33.292766049195556,52.490498277970396,155,1.0,0.9285662816252509,1377.2933985765997,True
90,5526,2460761.83446152,2460761.8377858177,287.21934065120666,52.89044283010235,33.292766049195556,62.49645761137821,174,1.3632359261709428,0.9978068543951442,1504.235098929699,True
90,5527,2460762.6233000397,2460762.6258669584,221.7817873214538,38.79140030099555,33.292766049195556,51.11928215965621,174,1.0,0.8652114573776962,1438.697375924211,True
90,5528,2460763.41213856,2460763.4146842975,219.9517401219553,38.78005566336925,33.292766049195556,51.11067391906005,174,1.0,0.8643655548966944,1420.9852050254974,True
90,5529,2460764.20097708,2460764.2040836117,268.4043300354753,39.71796053486982,33.292766049195556,51.8259072304185,174,1.0,1.047885977064633,1571.8038133776968,True
90,5530,2460764.9898155998,2460764.9922933457,214.077263841725,38.810385796352094,33.292766049195556,51.13369062436386,174,1.0,0.9115149760907135,1567.4798773928273,True
90,5531,2460765.77865412,2460765.781523487,247.91332728073525,50.9138366392133,33.292766049195556,60.83277926028834,174,1.3112736909072404,0.9558329672357763,1370.2843315301518,True
90,5532,2460766.5674926396,2460766.569897055,207.74151025915444,38.757397894421416,33.292766049195556,51.09348454307036,174,1.0,0.7263892331398407,1510.0408284724888,True
90,5533,2460767.35633116,2460767.358657508,200.99651098718934,49.3616309944657,33.292766049195556,59.539725273469855,174,1.2721226588937449,0.8277944353854934,1411.2207291145248,True
90,5535,2460768.9340081997,2460768.93613141,183.4453733466995,49.499786980814264,33.292766049195556,59.65431402968655,174,1.2736254680928663,0.9809517833656204,1509.6160943956702,True
90,5536,2460769.72284672,2460769.725812097,256.20860672077333,38.879675136845606,33.292766049195556,51.18630099893055,174,1.0,0.8220372488976279,1446.2542205164286,True
90,5537,2460770.51168524,2460770.514286797,224.77451267316343,38.812696262877154,33.292766049195556,51.13544428672568,174,1.0,0.857641901303603,1551.0863106735183,True
90,5538,2460771.30052376,2460771.3027761886,194.60982771410383,40.40639806729587,33.292766049195556,52.35537485281945,174,1.0413732162155986,0.7643858902571735,1581.1143907748692,True
90,5539,2460772.08936228,2460772.092398914,262.3651854463567,39.59275092543705,33.292766049195556,51.73001253672925,173,1.0,0.8917244542844862,1449.650287605966,True
90,5540,2460772.8782007997,2460772.88142703,278.746304112867,51.86260198813818,33.292766049195556,61.629033386761,173,1.2279213220024419,0.8694282728717383,1190.1396701820017,True
99,5887,2461046.60516724,2461046.608585199,295.3116677104261,37.075412067077295,34.59763524620891,50.71077345666597,173,1.0,0.7906086802168759,1698.6739003961338,True
99,5888,2461047.39400576,2461047.396462178,212.23448771596375,42.127464495047036,34.59763524620891,54.51348117127694,173,1.1382323083324546,0.8984354117030408,1560.2201507494888,True
99,5889,2461048.18284428,2461048.185638282,241.40180082713687,41.96089051957429,34.59763524620891,54.3848572474491,173,1.135373444980742,0.9826565497177452,1766.2788919743828,True
99,5890,2461048.9716828,2461048.973974489,198.00192365467834,37.0075961623409,34.59763524620891,50.66121335247139,172,1.0,0.8816747873534737,1637.263045281239,True
99,5891,2461049.7605213197,2461049.763308434,240.80667404718676,38.89182262664994,34.59763524620891,52.05353236671376,173,1.0292398234573934,1.0438478807677787,1550.1953231200473,True
99,5892,2461050.54935984,2461050.5521776713,243.46064888998413,46.466328369438074,34.59763524620891,57.93199493169696,173,1.2565336222113068,0.8481409385023632,1664.6017407838192,True
99,5893,2461051.33819836,2461051.341342424,271.64711398764535,37.47768053676613,34.59763524620891,51.005616387272646,174,1.0142312242905909,0.9363960294599291,1688.817600589049,True
99,5894,2461052.12703688,2461052.1297067693,230.67843606644897,40.02717913176297,34.59763524620891,52.90719642804708,174,1.0817291377976346,0.7437594971507164,1553.8279513627851,True
99,5896,2461053.7047139197,2461053.7065644455,159.88545034712132,40.639554657210624,34.59763524620891,53.371994223245274,174,1.0999867791944968,0.8241944362303353,1876.1270244002135,True
99,5897,2461054.49355244,2461054.496283426,235.9572109717569,44.347700134370214,34.59763524620891,56.246909887012784,174,1.2015820716098524,0.9704913574167687,1870.3931765292682,True
99,5898,2461055.28239096,2461055.2850010865,225.5149105821797,36.80704340145971,34.59763524620891,50.514896897713804,174,1.0,0.8925278580146803,1811.3275130407865,True
99,5908,2461063.17077616,2461063.1728176232,176.38241358209746,36.978795630919706,34.59763524620891,50.640178622740294,174,1.0,0.8751445650123966,1739.093903715001,True
99,5909,2461063.9596146797,2461063.9626747477,264.3898810912237,38.46488095411291,34.59763524620891,51.73532092723302,174,1.040572730517544,0.9553515222568824,1546.3911750285442,True
99,5910,2461064.7484532,2461064.7514958405,262.8841345333563,38.08213098942352,34.59763524620891,51.451385455839066,174,1.0318720395549137,0.7627552964632557,1770.420331833352,True
99,5911,2461065.53729172,2461065.5405354025,280.2541713220199,36.81920764941338,34.59763524620891,50.52376091068773,174,1.0,0.9032126095623118,1685.0653041479288,True
99,5912,2461066.3261302398,2461066.3293446973,277.7291502279653,42.61216475130455,34.59763524620891,54.88891463148127,174,1.1523859334401647,1.0116599609975945,1725.30033459781,True
99,5913,2461067.11496876,2461067.1178721334,250.85145203332155,37.00696597349648,34.59763524620891,50.66075300657544,143,1.0,0.8876146466266088,1532.6091840053807,True
99,5914,2461067.9038072797,2461067.906409353,224.81913425179494,36.570082762684876,34.59763524620891,50.34250011570084,174,1.0,0.8729903328563794,1631.584232408062,True
99,5915,2461068.6926458,2461068.695407119,238.57799692246462,36.61636194023985,34.59763524620891,50.37612853692076,174,1.0,0.9382988039051565,1710.3914400263952,True
99,5916,2461069.48148432,2461069.484239822,238.07535436041675,38.54708682922507,34.59763524620891,51.79646964465372,174,1.0,1.1060340532777715,1696.4672450179476,True
99,5917,2461070.2703228397,2461070.273447297,269.95310927024974,39.73247364530264,34.59763524620891,52.68458813167648,173,1.082237238564689,0.9894188366487014,1770.7236939153916,True
99,5918,2461071.05916136,2461071.0624818574,286.89097791978065,48.534546982763025,34.59763524620891,59.603679546247385,173,1.292804449209664,1.027014431607625,1512.7603120404851,True
99,5919,2461071.84799988,2461071.850180541,188.40912942623393,37.93001835542332,34.59763524620891,51.33890003761735,173,1.0,0.9776406228744864,1498.010723131186,True
99,5920,2461072.6368384,2461072.6399186803,266.13621914615453,46.72931361668945,34.59763524620891,58.14314332504423,167,1.1180420529762893,1.044398310250627,1435.8183335556096,True
